X,Y,month,day,FFMC,DMC,DC,ISI,temp,RH,wind,rain,area
6,8,jul,mon,70.4,47.4,354.9,10.7,14.7,58,0.8,0.0,5.7
7,1,dec,tue,62.7,18.1,173.8,7.8,2.2,91,2.7,0.0,0.45
1,8,sep,sun,63.9,152.2,116.6,6.7,9.8,99,0.9,0.0,1.51
5,5,sep,mon,67.8,9.5,341.5,9.0,5.6,77,6.9,0.1,6.45
5,2,apr,wed,72.8,79.9,141.6,9.0,16.9,49,0.6,0.0,0.0
4,2,apr,fri,68.8,105.7,408.0,7.9,19.1,55,1.8,0.0,6.91
6,6,feb,tue,64.0,63.9,41.2,8.8,3.2,80,3.4,0.0,0.0
7,9,oct,sun,64.7,38.1,137.3,11.3,2.2,53,1.9,0.0,1.26
9,1,sep,mon,66.2,17.1,287.5,8.0,7.9,73,0.6,0.0,0.0
1,6,sep,sat,53.4,35.0,124.3,6.9,12.6,69,2.4,0.0,0.0
6,9,jan,wed,66.0,1.1,89.8,11.3,3.0,89,3.0,0.0,0.0
7,8,dec,wed,60.6,25.0,61.2,9.6,2.2,89,3.4,0.0,1.45
3,6,oct,mon,61.1,15.5,382.8,9.2,9.6,69,1.6,0.0,0.0
8,3,may,fri,79.3,114.6,320.1,9.2,22.7,67,2.5,0.0,0.0
5,8,apr,mon,71.2,20.2,203.4,12.3,12.8,84,1.9,0.0,0.77
9,9,apr,tue,68.3,32.0,188.4,7.9,12.8,64,3.2,0.0,34.96
5,1,jul,mon,66.4,58.6,293.2,9.4,16.9,63,2.6,0.0,0.0
9,9,aug,wed,73.0,77.6,171.2,8.4,13.5,46,2.3,0.0,0.0
4,6,aug,sun,75.1,56.0,204.6,10.7,17.9,44,1.1,0.0,1.0
9,6,jun,mon,80.7,78.2,291.3,9.8,21.3,46,0.4,0.0,1.94
5,4,sep,fri,68.1,47.7,147.4,8.8,12.6,60,0.9,0.0,1.84
9,1,mar,sun,76.6,36.2,112.7,9.4,12.0,54,0.7,0.0,0.25
3,8,jun,sat,75.0,74.6,184.4,8.9,25.1,49,1.9,0.0,0.0
4,2,jul,thu,65.3,92.3,132.7,9.3,15.5,57,2.8,0.0,0.95
9,1,aug,mon,65.3,53.9,313.5,11.4,16.1,71,1.0,0.0,40.88
6,2,oct,fri,63.6,1.1,102.9,13.3,2.2,72,7.4,0.0,0.51
2,1,may,sun,73.1,93.4,259.3,9.0,14.7,39,0.4,0.0,0.0
7,1,aug,fri,72.7,151.4,160.8,10.5,14.8,63,4.1,0.0,0.79
2,9,aug,sat,71.7,66.7,151.2,10.2,16.3,60,2.9,0.0,0.41
2,1,feb,wed,70.7,22.6,101.1,8.6,4.7,65,1.6,0.0,0.0
1,4,sep,fri,65.8,73.1,229.6,7.2,8.3,70,0.5,0.0,3.81
3,6,apr,sun,61.7,126.9,215.3,9.5,13.8,52,2.9,0.0,133.47
6,7,mar,fri,69.8,71.5,382.0,13.5,14.1,66,1.6,0.0,3.53
8,2,dec,fri,51.1,1.1,124.9,7.1,2.2,100,7.3,0.0,5.05
9,6,dec,fri,68.5,35.2,155.7,8.9,5.2,55,2.4,0.0,1.07
7,7,oct,tue,72.5,45.9,166.1,9.4,7.4,65,7.4,0.0,4.01
4,2,jul,tue,70.2,62.1,436.5,8.5,20.0,49,1.0,0.0,0.0
6,2,mar,wed,73.6,23.5,220.3,10.8,6.4,67,3.6,0.0,0.0
5,7,sep,mon,73.2,74.5,92.5,10.6,12.8,74,2.8,0.0,0.0
8,1,aug,fri,75.9,58.0,175.0,8.5,13.5,69,3.8,0.0,40.95
1,8,mar,sat,66.2,15.1,168.7,11.2,6.4,80,1.0,0.0,5.8
1,3,aug,mon,67.3,72.3,260.8,8.2,16.5,60,3.1,0.0,207.93
6,6,feb,sat,68.6,1.1,71.0,15.6,2.2,64,2.1,0.0,43.25
2,9,nov,mon,61.4,9.0,246.9,7.8,2.2,66,3.8,0.0,3.84
5,6,jun,wed,74.3,95.7,448.8,8.6,20.0,63,1.4,0.0,3.7
1,9,sep,fri,71.4,46.9,149.3,8.8,16.7,61,5.9,0.0,0.0
7,7,jul,fri,76.7,40.0,325.2,9.4,16.6,72,0.6,0.0,84.41
1,9,aug,thu,73.9,118.2,112.3,8.2,13.6,66,4.5,0.0,0.0
4,2,aug,sat,73.5,55.2,144.7,10.1,17.2,47,5.3,5.8,5.74
9,8,apr,mon,59.8,32.4,109.3,8.6,11.3,61,4.6,0.0,56.6
1,8,dec,mon,59.6,89.9,33.9,9.0,2.2,83,2.2,0.0,164.88
4,2,sep,tue,73.3,65.7,284.5,8.0,13.6,70,1.8,0.0,0.0
6,4,nov,thu,64.0,20.2,32.1,8.3,2.2,85,9.4,0.0,0.0
6,7,oct,sun,60.6,72.2,113.1,7.0,8.1,59,1.1,0.0,3.1
8,4,sep,sun,61.0,29.3,111.3,9.4,10.9,54,2.4,0.0,8.44
1,4,nov,tue,64.6,25.8,71.0,7.1,2.2,75,3.2,0.0,0.0
7,6,mar,tue,61.1,27.7,73.5,11.3,9.4,83,3.4,0.2,26.15
1,6,apr,tue,66.5,86.6,223.6,10.0,13.9,56,1.0,0.0,0.0
7,3,feb,sat,67.9,16.5,60.0,8.6,4.7,78,3.1,0.0,17.84
3,9,jul,sat,79.5,75.9,325.5,9.9,19.1,61,4.7,0.0,17.62
8,2,aug,wed,67.9,56.3,286.8,7.7,16.8,67,0.5,0.0,0.41
3,6,jun,wed,73.5,69.1,139.0,8.6,21.5,70,6.5,0.0,0.97
1,7,oct,tue,61.5,24.4,245.1,10.4,2.2,92,0.5,0.0,1.84
8,9,jul,thu,73.2,78.8,142.8,13.0,18.4,52,1.5,0.0,39.88
3,3,jun,mon,73.9,76.5,164.8,8.6,15.5,40,0.4,0.0,0.0
2,3,aug,sat,75.3,52.5,118.2,10.2,14.2,56,0.6,0.0,0.0
1,7,mar,thu,64.5,37.1,120.1,9.6,9.6,69,6.5,0.0,0.0
3,4,oct,fri,59.7,51.9,145.8,8.6,7.9,66,1.5,0.0,0.48
2,8,mar,sat,74.7,58.7,221.8,7.9,9.9,87,1.8,0.0,0.0
2,7,dec,sat,68.8,23.9,75.2,7.8,2.2,77,1.0,0.0,0.0
6,5,sep,wed,63.6,99.0,213.1,7.5,12.4,71,2.7,0.9,0.0
1,7,may,mon,76.3,111.0,177.5,12.1,22.3,55,2.7,0.0,0.0
2,3,jan,mon,68.9,14.9,176.9,8.7,2.2,73,1.6,0.0,0.0
6,2,oct,sun,71.0,42.2,99.3,9.4,5.3,54,1.4,0.0,69.53
3,6,sep,sun,70.6,94.8,98.6,13.2,10.0,67,5.8,0.0,18.24
4,2,sep,sun,63.3,24.1,62.4,8.4,8.4,100,1.6,0.0,35.79
1,3,sep,sun,76.7,66.3,100.6,13.1,7.7,58,2.1,0.0,0.84
8,6,mar,fri,66.9,35.6,129.8,8.7,3.2,58,1.2,0.0,0.0
7,5,jul,fri,67.1,50.4,283.5,7.4,15.4,80,4.3,0.0,5.1
7,8,mar,sat,68.6,1.8,50.6,12.6,4.7,81,1.7,0.0,0.0
3,9,oct,tue,67.8,27.5,195.6,8.6,8.8,71,2.2,0.0,0.0
3,3,sep,wed,69.0,114.7,179.1,7.7,10.6,80,1.1,0.0,7.68
2,3,jul,wed,75.3,82.5,348.4,9.3,18.3,49,9.4,0.0,0.0
1,3,mar,sun,69.5,34.0,98.2,7.7,7.8,69,1.3,0.5,7.09
7,6,jul,sat,67.8,123.8,186.6,8.7,18.7,67,4.1,0.0,0.0
7,1,jul,thu,62.7,54.3,359.7,10.5,16.1,81,1.8,0.0,7.63
2,7,sep,tue,76.9,46.5,205.5,14.0,10.5,55,1.0,0.0,2.72
7,1,sep,sat,68.7,55.4,123.9,12.7,10.7,79,4.4,0.0,0.0
8,5,oct,tue,67.1,24.7,46.2,7.4,2.4,80,1.4,0.0,5.72
1,8,aug,tue,60.8,30.5,126.2,7.7,12.4,66,5.4,0.0,0.0
9,4,mar,tue,75.4,45.8,187.5,8.3,12.9,64,6.6,0.0,28.8
7,5,sep,sat,66.9,41.7,221.9,11.5,9.8,54,5.3,0.0,0.0
3,4,sep,sun,61.8,17.2,71.6,7.5,7.7,80,0.5,0.0,0.55
8,4,aug,wed,71.1,56.0,206.0,10.0,13.9,55,4.3,0.0,72.58
7,8,sep,wed,62.6,26.9,154.8,9.6,7.0,60,1.7,0.0,0.0
8,2,aug,sun,70.3,35.6,175.1,8.7,14.8,71,5.6,0.0,26.24
6,1,aug,tue,71.5,55.4,238.6,8.6,17.5,66,2.9,0.0,0.79
9,3,aug,thu,76.6,36.0,294.3,15.0,14.9,62,4.9,0.0,8.94
5,9,feb,mon,76.0,44.0,123.5,14.8,12.1,76,2.1,0.0,22.71
3,4,mar,sat,75.0,71.4,296.2,8.6,11.3,80,2.3,0.0,0.0
3,5,feb,mon,52.9,32.8,60.0,6.9,5.7,86,0.8,0.0,0.49
1,2,sep,sun,62.5,22.7,90.4,14.2,7.3,65,4.2,0.0,0.0
8,4,jul,thu,60.8,42.6,152.8,6.7,17.9,68,1.8,0.0,0.0
2,2,aug,sat,63.8,31.8,110.0,8.1,12.7,66,2.1,0.0,4.83
3,2,nov,sun,58.5,3.3,43.2,6.2,2.2,94,4.2,0.0,3.89
8,4,jun,tue,78.4,70.2,174.9,10.2,22.9,51,2.7,0.0,0.0
8,6,aug,wed,68.1,54.0,279.8,7.7,13.5,60,1.0,0.0,0.0
4,7,sep,mon,65.0,19.1,89.6,8.3,7.7,64,2.6,0.1,1.4
4,3,may,fri,74.8,105.6,276.0,8.8,19.3,58,1.7,0.0,0.0
5,3,mar,fri,60.2,34.8,92.6,8.1,11.5,70,2.0,0.0,0.0
6,6,jun,thu,69.1,54.6,429.8,18.7,19.0,62,0.5,0.0,0.0
5,3,apr,tue,68.5,82.7,234.1,10.8,15.0,65,1.0,0.0,5.29
7,2,nov,mon,62.6,2.3,36.6,10.4,3.6,82,1.2,0.0,1.52
2,8,oct,tue,65.0,1.1,190.9,9.1,3.9,73,3.5,0.0,0.0
7,5,sep,mon,77.2,49.1,168.7,8.6,10.9,58,0.4,0.0,53.18
7,1,oct,thu,68.9,19.2,195.1,8.0,2.2,67,1.7,0.0,0.0
1,3,oct,thu,58.6,20.7,97.9,11.3,2.2,87,6.8,0.0,1.45
7,8,apr,fri,70.7,46.7,222.5,8.7,16.8,64,0.7,0.0,18.64
5,4,oct,tue,63.7,15.2,207.3,7.4,2.2,58,2.2,0.0,0.23
3,7,aug,sat,68.1,41.1,158.4,9.8,15.7,72,4.3,0.0,3.35
3,2,oct,fri,64.3,1.1,30.1,7.3,4.6,93,7.5,0.0,4.58
4,7,nov,tue,54.8,54.4,230.7,6.7,2.2,70,3.8,0.0,3.16
2,5,jul,fri,76.2,76.2,165.8,20.8,16.2,63,3.6,0.0,2.2
2,5,mar,sat,78.9,39.4,173.2,12.6,12.7,59,4.8,0.0,1.35
1,6,may,wed,74.9,90.5,163.0,9.4,23.8,57,1.9,0.0,0.0
5,9,aug,wed,71.6,49.9,198.2,16.0,15.9,49,4.5,0.0,0.0
4,6,oct,wed,66.6,68.2,488.3,9.3,6.0,72,0.4,0.0,17.43
2,8,oct,wed,68.0,1.1,61.4,9.8,3.0,86,6.9,0.0,27.09
3,7,jan,sun,60.6,1.1,72.3,6.3,2.2,89,1.9,0.0,0.0
7,9,aug,mon,75.5,52.6,224.6,8.5,14.9,66,2.4,0.0,0.0
7,4,aug,sun,72.3,51.5,267.0,10.0,12.1,62,1.1,0.0,3.87
4,2,may,sun,83.7,62.0,172.7,14.0,13.3,48,3.8,0.0,0.62
5,7,mar,sun,68.9,30.4,142.1,9.7,12.4,57,0.6,0.0,113.19
5,6,jul,wed,65.8,70.5,434.9,7.9,21.2,49,5.6,0.0,0.92
6,1,dec,sat,56.9,12.3,154.1,6.5,2.2,70,4.8,0.0,0.32
9,9,jul,thu,74.1,57.0,152.6,12.0,19.4,57,1.0,0.0,0.12
2,9,aug,thu,78.7,108.8,143.2,9.1,18.0,54,4.5,0.0,5.36
5,2,sep,mon,65.2,20.6,151.2,8.6,10.6,68,4.3,0.0,3.03
3,3,jul,wed,69.1,48.8,127.3,7.5,15.1,73,2.9,0.0,28.67
4,5,dec,wed,67.2,25.4,67.3,7.4,2.2,73,1.6,0.0,0.0
6,5,dec,wed,61.1,10.5,269.0,9.1,4.0,61,1.2,0.0,0.0
8,1,jun,fri,72.5,87.6,165.1,10.6,20.7,48,1.1,0.0,13.46
1,8,aug,tue,66.0,90.4,243.7,8.1,16.6,65,1.4,0.0,0.0
8,8,jun,fri,80.3,58.9,175.8,9.3,21.0,61,6.2,0.0,0.0
7,4,jun,tue,80.1,115.5,267.0,12.1,17.4,63,0.6,0.0,7.56
1,7,feb,wed,54.8,9.1,154.8,6.2,3.1,89,4.8,0.0,2.75
2,3,sep,wed,68.4,31.7,91.8,9.1,11.0,64,1.5,0.0,0.0
3,6,aug,fri,77.9,49.8,179.4,15.1,17.5,79,2.2,0.0,0.0
1,9,feb,fri,68.3,17.1,78.5,7.6,8.3,78,4.4,0.0,0.0
9,1,jun,tue,73.0,94.5,355.3,14.3,17.4,33,5.8,0.0,33.05
8,5,nov,thu,54.2,28.7,224.4,5.9,2.6,94,1.5,0.0,0.0
2,4,jun,tue,83.1,122.4,228.0,11.1,23.6,44,1.9,0.0,0.0
9,8,mar,fri,69.2,138.2,133.0,8.6,7.0,61,1.7,0.0,0.0
7,1,aug,sat,66.3,94.9,172.4,14.1,19.5,61,0.4,0.0,129.19
9,9,dec,fri,72.8,34.3,194.7,8.8,4.9,56,1.3,0.0,0.0
6,6,jun,sat,72.0,96.6,244.8,9.4,27.9,39,1.9,0.0,0.0
6,4,sep,mon,66.0,34.7,102.6,15.1,10.7,82,1.7,0.0,27.55
4,9,sep,fri,66.8,17.4,138.2,8.8,10.7,72,3.6,0.0,1.95
2,5,jun,mon,83.2,97.9,161.0,10.5,22.5,61,1.6,0.0,18.3
7,5,sep,thu,69.1,45.9,241.2,8.3,12.4,58,2.1,0.0,2.17
5,5,jul,tue,75.9,67.7,173.5,11.2,22.0,38,1.8,0.0,0.61
6,1,sep,sat,62.2,23.0,193.2,6.8,12.4,72,3.8,0.0,0.0
2,1,sep,tue,63.9,25.2,91.6,7.0,9.7,77,5.4,1.0,0.89
5,8,aug,mon,68.6,69.3,153.8,9.4,18.7,66,2.3,1.6,0.0
4,8,mar,sat,62.3,22.6,161.9,7.6,6.8,73,4.3,0.0,2.35
9,6,oct,tue,66.1,32.0,556.5,13.5,5.0,64,1.3,0.0,0.0
6,4,jul,fri,61.9,71.7,291.1,11.3,23.4,76,2.3,0.0,0.0
2,2,apr,wed,61.0,50.8,110.8,9.2,11.2,71,1.5,0.0,5.4
1,2,feb,mon,63.5,1.1,60.2,10.3,3.0,74,1.7,0.0,0.0
5,9,aug,tue,73.4,46.1,329.2,10.4,17.0,57,3.7,0.0,182.92
9,5,sep,mon,67.6,46.8,146.6,7.7,11.2,68,5.7,0.0,0.0
6,4,jan,sun,62.1,2.5,37.7,9.4,2.2,88,0.7,0.0,0.0
7,1,aug,mon,68.3,29.6,302.0,8.0,13.8,65,2.9,0.0,0.92
5,7,may,sat,70.5,44.7,274.9,8.4,15.1,70,2.6,0.0,48.53
6,3,sep,sun,72.1,29.7,512.6,11.3,12.9,65,0.7,0.0,2.53
5,6,apr,sat,73.2,54.9,350.7,9.6,14.2,61,1.0,0.0,0.0
9,5,sep,wed,67.5,47.7,300.8,11.3,15.4,67,1.3,0.0,0.12
6,5,aug,sun,75.5,60.7,114.6,8.7,15.2,67,0.9,0.0,1.8
8,5,nov,fri,64.4,38.2,47.0,8.8,2.2,75,1.1,0.0,37.27
2,1,mar,mon,74.6,27.3,168.4,8.4,9.0,61,1.2,0.0,0.0
9,1,jul,tue,80.0,141.5,204.5,10.8,17.9,61,1.4,0.0,8.33
5,3,mar,thu,61.2,40.0,144.9,9.6,10.3,68,3.9,0.0,9.28
7,4,nov,mon,63.8,44.0,131.9,8.9,8.9,63,2.5,0.0,48.97
1,5,oct,mon,69.5,33.2,110.3,8.2,4.0,66,9.4,0.0,0.69
5,2,jun,wed,65.1,79.7,218.6,7.4,19.1,61,1.7,0.0,0.67
2,8,sep,fri,74.9,35.6,78.2,8.3,10.2,73,3.9,0.0,0.0
6,2,oct,thu,65.8,28.6,105.6,9.2,8.3,66,5.5,0.0,0.0
1,9,aug,sun,72.1,23.4,165.7,13.4,10.7,61,3.2,0.0,0.08
3,2,aug,sun,72.4,43.8,257.9,8.7,16.4,52,1.7,0.0,0.0
5,9,jun,sun,65.6,54.9,144.9,10.0,17.5,62,3.9,0.0,0.0
4,7,mar,sat,75.4,38.7,180.5,12.4,11.7,57,1.0,0.0,0.0
3,8,nov,sat,75.0,1.1,137.3,9.0,2.2,99,1.4,0.0,0.0
5,2,nov,tue,61.2,1.1,96.8,8.9,2.2,73,2.4,0.0,21.73
8,7,sep,thu,69.7,72.5,116.3,11.5,11.1,42,2.5,0.0,12.34
4,6,jul,sun,61.0,109.6,202.4,7.6,19.7,56,0.5,0.0,16.5
1,4,jul,sat,79.4,125.5,161.8,9.5,16.9,58,7.7,0.0,0.0
7,7,sep,tue,70.5,24.1,324.9,7.4,8.1,81,3.4,0.0,0.53
8,4,nov,fri,54.4,22.8,44.3,12.4,2.2,80,2.1,0.0,0.25
3,2,oct,tue,57.1,69.0,180.3,11.5,7.3,62,7.2,0.0,0.42
6,7,oct,sat,57.4,25.7,76.6,9.3,7.6,67,1.8,1.8,0.85
2,8,sep,wed,69.5,16.2,121.9,7.6,7.4,74,9.4,0.0,0.0
7,2,mar,wed,73.1,103.9,174.6,9.5,8.4,48,2.2,0.7,73.49
8,5,apr,sun,65.3,48.7,134.4,7.2,14.8,75,0.7,0.0,27.12
6,1,nov,wed,70.5,34.6,140.5,7.9,8.2,61,4.0,0.0,1.96
6,7,sep,sun,68.6,20.8,96.0,9.2,11.6,80,3.2,0.0,7.68
5,8,jan,sun,61.2,1.1,66.3,13.0,2.2,81,4.1,0.0,0.0
8,6,mar,sat,73.0,71.6,178.6,12.5,10.9,73,8.0,0.0,1.32
1,5,sep,wed,58.5,24.2,81.3,8.6,5.9,84,4.1,0.0,8.63
4,6,jan,sun,69.4,1.8,266.5,7.5,3.5,81,2.8,0.0,0.0
4,2,apr,thu,70.2,55.5,237.1,8.4,20.0,62,5.3,0.0,0.58
3,1,aug,fri,83.5,77.4,203.9,10.0,20.0,54,3.2,0.0,0.0
3,7,sep,tue,64.2,48.4,96.0,9.9,12.2,69,1.7,0.0,0.0
4,7,sep,tue,66.0,19.7,146.5,10.6,8.2,64,5.8,0.0,0.0
1,2,may,sat,71.9,92.5,260.5,9.0,14.8,58,1.0,0.0,0.0
2,2,sep,wed,64.0,1.1,67.9,7.6,5.8,92,3.5,1.5,17.3
9,1,jun,wed,72.4,39.0,264.3,8.2,11.6,58,5.7,0.0,0.0
2,8,jul,sun,68.3,88.4,176.7,8.4,20.7,56,3.7,0.0,0.0
5,8,sep,mon,67.8,24.2,253.0,8.6,9.7,69,3.4,0.0,0.97
9,1,sep,sun,71.0,80.4,111.6,8.1,12.7,61,3.9,0.0,19.12
9,8,oct,fri,64.6,51.2,273.5,8.2,9.3,74,2.0,0.0,2.08
8,9,sep,thu,69.9,61.1,147.7,11.4,10.3,73,5.6,0.0,0.0
1,4,aug,tue,65.8,44.1,160.4,9.3,15.4,52,1.0,0.0,1.08
1,1,mar,sun,65.7,15.4,103.8,7.3,8.6,70,0.7,0.0,0.0
9,1,jul,mon,70.2,59.0,196.7,8.5,17.6,48,1.2,0.0,81.73
8,3,jun,mon,73.4,78.0,845.8,9.4,22.2,61,2.3,0.0,0.0
9,5,jun,sun,81.2,90.8,164.3,9.9,19.5,58,2.2,0.0,6.16
7,5,dec,sat,70.6,41.9,43.9,8.4,2.2,78,4.7,0.0,0.0
3,9,aug,tue,77.0,67.4,194.7,9.8,14.9,68,1.7,0.0,2.51
3,2,oct,sat,64.7,88.2,137.3,8.9,7.7,68,2.1,0.0,17.54
2,2,sep,thu,70.6,44.5,134.9,10.7,7.9,79,0.4,0.0,0.0
5,6,oct,mon,66.6,13.4,169.9,8.2,4.8,64,1.7,0.0,0.0
3,9,aug,mon,70.6,38.9,134.8,10.8,15.7,75,3.0,0.0,0.4
6,1,aug,fri,73.7,85.2,381.9,9.2,18.5,52,0.4,1.1,32.86
2,9,aug,thu,81.4,46.8,183.6,9.4,14.3,45,1.2,0.0,3.49
3,9,apr,mon,77.2,31.0,117.1,10.1,12.8,61,1.0,0.0,0.0
5,9,sep,thu,71.5,35.9,213.3,9.6,8.5,65,0.5,0.0,0.0
1,5,jun,tue,75.9,117.2,270.8,14.1,23.2,48,2.0,0.0,13.22
1,9,feb,wed,68.9,22.5,125.4,10.1,11.1,68,0.9,1.3,0.28
9,4,sep,mon,67.4,43.8,144.5,12.1,6.1,83,3.8,0.0,2.25
7,2,apr,fri,66.8,73.2,119.4,12.2,11.7,64,5.1,0.0,4.52
1,6,nov,tue,68.8,11.3,99.8,9.3,2.2,70,2.4,0.0,28.63
8,4,dec,sun,59.9,1.1,274.7,8.2,2.2,66,9.4,0.0,15.25
3,6,nov,thu,66.8,1.9,62.8,8.9,3.7,70,1.9,0.0,0.0
8,3,jul,sun,62.4,84.3,187.8,15.1,16.0,41,2.2,0.0,0.0
5,6,jan,sat,61.3,28.9,213.1,9.7,2.2,70,9.4,0.0,2.21
1,2,nov,tue,72.6,50.7,371.0,7.7,2.2,89,1.1,0.0,0.0
7,2,aug,sun,76.9,61.9,177.6,11.6,14.2,54,7.5,0.7,0.0
5,9,dec,mon,70.9,1.1,102.6,7.8,2.8,82,0.5,0.0,0.0
6,7,dec,thu,61.3,1.1,130.9,8.0,2.2,65,1.9,0.0,0.0
6,3,oct,wed,65.0,33.8,313.7,7.2,6.7,89,0.6,0.0,7.94
8,1,jun,tue,78.9,48.2,319.8,10.7,19.7,74,3.7,1.0,43.03
9,8,aug,mon,78.3,68.6,170.0,12.8,22.1,59,2.7,0.0,3.13
2,6,oct,fri,64.2,1.1,73.8,7.2,2.5,96,3.5,0.0,0.0
9,7,jul,sat,82.6,53.2,206.8,9.3,20.5,58,1.6,0.0,2.57
9,9,apr,thu,63.0,25.2,237.6,7.5,11.2,74,1.6,0.0,0.0
7,5,aug,tue,67.2,32.1,173.3,9.4,11.8,78,0.5,0.0,0.15
1,1,nov,tue,54.4,1.1,138.2,6.7,2.2,79,1.5,0.0,2.71
7,7,sep,wed,67.4,46.1,760.4,8.5,14.9,46,7.0,0.0,0.0
5,5,aug,wed,76.5,72.4,118.8,8.7,15.8,68,1.6,0.0,0.2
6,3,mar,fri,63.0,62.5,101.4,8.4,8.2,65,4.9,0.0,3.65
7,9,sep,sat,73.0,31.3,146.0,8.7,11.1,62,5.0,0.0,0.0
5,1,dec,fri,71.4,31.3,73.7,10.2,2.2,80,1.6,0.0,26.54
7,1,mar,mon,65.9,22.7,69.8,7.2,8.5,75,2.9,0.0,0.0
9,1,aug,mon,71.2,39.6,95.7,9.9,10.8,68,0.7,0.0,0.0
3,3,oct,fri,70.9,68.6,185.8,8.1,9.3,75,0.7,1.6,0.1
8,6,sep,sat,63.2,63.5,304.6,8.5,10.6,60,0.5,0.0,41.33
2,3,sep,fri,69.3,89.1,195.8,8.4,16.5,59,2.6,0.5,2.47
7,8,sep,sat,64.1,26.4,168.6,9.5,12.8,73,1.8,0.0,0.0
2,2,jul,sat,70.2,46.6,158.0,13.4,20.3,73,2.4,0.0,0.0
4,9,jun,sun,75.1,104.2,261.5,12.9,18.7,78,2.2,0.0,4.27
7,3,oct,thu,60.0,1.1,169.3,8.1,2.2,81,1.5,0.0,0.0
3,5,oct,sat,63.7,1.7,127.5,8.0,4.3,83,3.2,0.0,1.81
2,8,oct,wed,56.2,16.8,37.9,9.1,2.2,97,4.0,0.0,0.21
7,2,nov,sat,70.9,49.7,57.7,10.0,3.3,69,0.4,0.0,1.09
1,6,aug,sat,71.0,108.2,144.1,8.3,19.9,62,1.0,0.0,195.46
8,5,aug,sat,77.7,39.0,190.9,11.8,14.2,70,3.5,0.0,0.0
3,9,oct,sun,65.7,58.4,228.5,8.0,7.8,85,1.6,0.0,0.0
2,5,sep,sun,61.0,15.6,276.1,7.3,7.9,59,3.1,0.0,0.0
3,2,sep,mon,67.8,19.3,148.8,8.3,9.1,59,1.5,0.0,0.62
5,5,oct,sun,58.3,18.5,189.1,6.9,2.6,77,1.6,0.0,0.26
8,4,oct,wed,65.9,1.1,323.5,8.4,2.2,81,0.8,0.0,5.78
7,7,jul,wed,71.2,53.4,156.9,8.3,18.6,68,1.1,1.6,3.84
7,6,jul,sun,74.1,79.6,184.0,8.4,19.0,62,2.7,0.0,2.5
7,2,mar,fri,68.6,40.9,372.0,7.9,13.2,62,1.8,0.0,0.0
8,5,aug,thu,69.6,46.6,165.2,9.5,17.4,63,4.1,0.0,0.0
1,7,feb,sun,61.4,15.2,308.3,9.3,7.4,74,5.2,0.0,0.0
4,7,aug,sat,72.0,33.6,475.0,8.3,12.1,82,2.4,0.0,4.6
6,5,aug,tue,71.1,57.5,228.3,7.9,16.4,62,3.9,0.9,0.0
9,9,jun,thu,76.2,117.1,347.5,9.0,24.7,46,1.3,0.0,14.29
2,4,aug,thu,70.6,77.5,254.1,12.7,16.1,65,1.7,0.0,1.56
1,3,feb,wed,64.9,35.3,203.7,8.5,10.5,69,3.5,0.0,6.36
2,4,feb,thu,68.9,83.7,140.9,9.1,11.1,51,1.6,0.0,28.3
7,5,oct,sun,65.7,1.1,52.9,7.2,4.2,74,2.6,0.0,0.0
3,6,jul,sat,67.2,49.1,165.9,10.1,16.6,59,0.9,0.0,0.0
2,3,mar,sat,62.9,63.5,183.5,8.5,7.7,65,2.7,0.0,0.75
7,2,aug,mon,74.4,27.1,86.1,8.4,10.5,77,5.3,0.0,0.0
2,4,sep,sat,66.2,133.5,81.4,7.6,8.4,62,5.5,0.0,0.0
3,5,may,sat,72.7,77.2,169.5,9.1,22.3,57,3.6,0.0,0.07
7,4,sep,wed,57.6,40.3,168.7,9.9,3.4,74,3.8,0.0,0.0
4,3,mar,sat,70.5,20.1,422.9,11.6,6.9,72,2.4,0.0,14.99
1,8,feb,mon,59.2,11.5,452.9,8.2,4.6,78,2.6,0.2,405.59
5,4,aug,tue,70.9,45.6,178.0,10.7,12.4,52,0.8,0.0,0.0
9,2,aug,sun,61.7,65.8,305.6,7.1,13.4,65,1.9,0.0,4.42
8,2,sep,wed,69.1,23.2,183.8,8.8,8.5,92,1.9,0.0,0.0
9,1,sep,tue,75.2,107.5,162.7,10.7,9.2,53,8.4,0.0,6.45
9,4,dec,wed,65.9,1.1,120.0,7.5,2.2,76,1.8,0.0,0.0
7,9,aug,fri,61.0,22.9,101.6,10.8,12.6,76,2.4,0.0,2.63
4,7,jul,thu,79.2,70.9,427.8,9.2,21.5,57,2.3,0.0,0.0
5,7,oct,fri,62.2,34.7,107.1,7.4,8.1,77,2.9,0.0,0.0
1,7,jun,sat,68.4,108.2,201.4,10.0,15.9,37,3.8,0.0,0.0
1,8,aug,tue,63.7,14.4,168.0,8.9,6.7,77,1.0,0.0,0.0
3,1,mar,sat,69.0,63.4,150.6,10.2,13.2,56,2.3,0.0,0.0
8,8,feb,thu,60.6,1.1,60.3,6.7,2.2,80,4.8,0.0,78.14
2,4,dec,wed,69.8,16.9,133.7,11.2,2.2,77,2.0,0.0,3.9
4,4,oct,thu,71.2,41.4,13.5,8.6,2.2,100,1.2,0.0,0.0
2,4,sep,mon,63.3,35.6,229.0,8.2,13.9,68,3.1,0.0,0.0
5,6,aug,thu,72.8,77.9,234.3,16.2,22.6,51,4.7,0.0,3.2
9,7,apr,mon,73.9,193.7,224.8,11.2,15.5,46,0.6,0.0,23.09
1,6,apr,thu,69.1,93.5,210.5,7.9,14.7,63,4.1,0.0,0.0
5,1,jun,sun,75.0,69.5,205.0,11.0,19.0,65,4.7,0.5,1.87
9,8,aug,mon,77.5,64.8,216.1,8.8,17.3,58,1.9,0.0,0.0
1,7,sep,tue,73.6,35.2,213.6,8.2,11.7,60,9.4,0.0,0.44
9,6,sep,sat,73.8,51.9,246.9,9.3,13.0,58,4.3,0.0,0.0
8,6,jun,sat,81.1,99.4,257.6,18.9,18.1,63,4.1,0.0,0.0
4,5,dec,fri,54.8,19.3,230.7,6.2,2.2,84,3.8,0.0,21.94
5,6,sep,sat,73.3,13.9,79.9,9.9,8.4,83,0.8,0.8,0.0
5,9,aug,wed,68.3,34.7,155.4,8.1,11.8,55,1.0,0.0,1.55
6,9,sep,sun,71.6,22.4,371.6,10.3,9.9,73,2.0,0.0,0.0
7,8,aug,thu,64.6,30.3,147.7,8.6,12.2,64,1.2,0.0,0.77
8,9,jun,fri,72.2,68.6,180.9,10.5,23.5,50,1.7,0.0,196.39
8,8,jul,wed,74.9,52.5,190.9,8.7,16.1,64,5.9,0.0,0.0
2,8,sep,wed,58.9,21.9,97.0,9.2,11.1,70,4.7,0.0,3.25
9,1,jan,mon,67.8,1.1,51.7,18.0,2.2,82,2.9,0.0,10.91
7,5,mar,sat,76.1,48.3,737.0,10.7,10.8,56,5.3,0.0,4.73
4,4,feb,tue,65.8,1.7,127.1,8.6,3.4,68,4.2,0.0,0.91
4,2,feb,tue,62.6,1.1,52.4,11.6,2.2,92,1.8,0.0,15.5
8,8,oct,fri,62.1,15.8,587.7,6.8,6.5,70,1.0,0.0,0.0
4,3,sep,sun,70.9,19.8,415.3,10.3,9.3,71,2.2,0.0,0.0
6,4,aug,tue,72.6,53.8,166.4,12.2,15.9,71,3.7,0.0,7.9
5,7,mar,thu,62.3,12.4,99.7,6.9,8.7,74,1.8,0.0,1.37
3,9,aug,tue,66.4,58.9,265.3,8.4,11.0,72,3.1,0.0,0.0
2,2,aug,fri,71.6,112.3,250.0,8.3,18.2,67,0.6,0.0,9.77
9,3,apr,tue,72.8,93.4,264.2,10.2,17.2,38,3.8,0.0,1.78
9,4,aug,thu,63.9,53.2,331.1,9.3,13.3,59,4.6,0.0,0.0
1,1,aug,mon,74.5,91.8,227.0,8.9,15.2,66,3.5,0.0,0.0
3,7,sep,sun,67.5,56.0,121.0,8.4,13.1,78,8.9,0.0,0.61
8,2,sep,fri,67.4,11.2,191.5,8.0,8.6,70,4.8,0.0,0.0
6,5,feb,mon,62.6,14.3,91.0,7.9,4.1,66,6.2,0.0,0.51
5,1,jul,mon,77.3,111.3,291.4,9.1,19.4,48,7.2,0.0,7.29
5,3,sep,mon,67.5,19.6,161.8,11.5,8.6,78,4.4,0.0,0.0
6,2,aug,wed,79.2,45.8,139.9,8.8,17.6,56,3.2,0.0,0.0
7,1,oct,sun,67.2,37.6,120.4,11.5,4.5,74,0.4,0.0,0.0
1,7,sep,sat,65.2,53.5,104.3,8.7,7.6,76,2.0,0.0,2.25
9,5,apr,sun,71.7,60.7,194.0,9.4,16.8,30,2.5,0.0,66.89
3,1,mar,wed,68.4,16.8,133.1,9.6,6.6,92,1.3,0.0,0.0
4,6,sep,sat,71.3,48.0,166.1,9.5,16.0,53,1.4,0.0,4.15
1,5,feb,sun,67.0,52.3,228.7,8.7,9.7,70,8.5,0.0,0.0
3,3,aug,mon,73.1,57.6,147.0,8.7,16.5,43,6.0,0.0,0.0
2,7,nov,fri,62.1,3.3,149.1,7.8,2.6,72,5.1,0.0,0.0
2,9,aug,sat,70.0,87.9,273.4,8.1,16.1,73,1.7,1.8,0.0
1,9,aug,thu,82.0,58.0,235.4,9.4,13.5,44,0.4,0.0,0.0
8,9,sep,thu,62.4,46.9,145.2,7.6,10.9,78,0.6,0.0,0.0
3,2,aug,tue,65.8,41.1,399.3,7.5,12.2,62,1.3,0.0,1.09
3,3,aug,sat,78.7,47.6,153.2,9.2,16.5,65,0.4,0.0,5.95
6,7,nov,fri,62.0,20.8,40.7,6.8,3.9,81,0.4,0.0,0.0
8,5,aug,wed,68.0,33.1,158.9,7.7,13.9,67,6.6,0.0,0.0
9,2,dec,mon,69.5,6.6,46.4,8.0,2.2,68,3.5,0.0,0.0
9,3,nov,tue,56.7,1.1,345.8,23.8,2.2,73,1.3,0.0,0.0
4,6,apr,thu,79.6,92.8,178.4,9.1,19.4,42,0.8,0.0,0.44
5,7,mar,wed,67.1,94.9,223.8,9.3,8.5,74,2.2,0.0,0.0
2,9,mar,wed,68.5,167.9,211.0,7.5,9.4,85,0.4,0.0,0.0
9,1,jan,mon,67.5,15.2,76.8,12.6,2.2,59,7.4,0.0,0.0
8,7,mar,sat,66.4,31.8,192.3,7.7,10.8,59,1.7,0.0,0.0
3,8,sep,thu,75.1,42.8,103.1,14.5,12.2,63,1.7,0.1,0.0
9,3,mar,fri,64.6,67.5,139.4,8.9,8.9,71,1.6,0.0,3.85
3,4,jul,wed,72.7,37.7,107.7,7.9,15.2,70,0.6,0.0,0.0
9,6,oct,mon,69.8,80.3,290.0,12.0,2.2,75,2.9,1.6,0.0
2,7,feb,fri,71.3,6.3,417.6,9.2,3.3,72,3.7,0.0,7.96
9,4,oct,sat,61.0,110.2,48.1,6.9,2.2,88,3.2,0.0,6.37
8,8,jun,thu,75.6,100.5,155.8,11.2,19.1,63,0.8,0.0,46.76
9,5,mar,sat,68.4,77.4,241.7,12.7,13.9,68,2.6,0.0,480.84
5,1,sep,wed,80.0,23.1,103.6,9.9,8.9,70,2.5,0.0,0.0
2,4,sep,fri,70.4,7.4,290.8,8.2,8.9,79,5.5,0.0,15.01
8,3,oct,fri,66.2,15.8,143.1,10.4,5.0,67,1.6,0.0,37.41
6,9,sep,fri,69.9,26.6,126.1,10.1,8.8,61,1.6,2.0,0.0
8,8,oct,wed,66.3,1.1,221.8,11.4,4.8,81,2.8,0.0,436.26
5,1,jun,wed,79.3,87.5,239.1,11.5,21.6,37,2.9,0.0,0.73
2,6,apr,sat,71.7,58.9,371.9,8.5,17.7,59,2.0,0.0,0.0
6,9,sep,tue,68.4,58.7,367.2,13.0,13.0,61,1.9,0.2,0.0
5,7,oct,sat,69.6,56.6,121.9,8.1,11.2,52,2.1,0.0,0.0
5,4,dec,thu,58.6,1.1,43.2,7.1,2.2,68,5.3,0.0,0.0
1,1,aug,mon,79.2,172.2,569.6,10.3,21.7,52,1.9,0.0,0.0
2,2,jul,fri,67.2,40.2,348.2,9.0,16.3,70,7.4,0.0,5.67
8,5,sep,tue,67.5,60.0,134.1,7.7,16.3,53,2.2,0.0,1.9
3,5,jul,mon,71.6,57.1,295.6,10.8,17.5,71,7.8,0.0,0.0
3,8,nov,tue,62.7,38.4,95.2,7.6,2.2,77,4.9,0.0,20.43
8,6,oct,sun,64.9,1.1,66.2,7.8,4.6,87,1.5,0.0,0.0
8,8,aug,sat,68.7,51.8,326.7,11.1,14.3,56,5.4,0.0,0.0
2,2,sep,wed,66.5,47.0,106.2,8.3,10.3,67,0.7,1.9,7.31
8,3,sep,fri,70.3,15.5,362.6,7.7,8.3,73,6.9,4.8,1.03
1,6,mar,sat,73.1,55.6,122.5,8.4,12.5,63,2.9,0.0,4.57
6,3,nov,mon,65.4,60.8,120.1,13.1,2.2,86,0.5,0.0,29.5
8,6,aug,sun,75.0,232.4,173.1,8.9,17.0,37,3.0,0.0,0.43
3,6,oct,sun,66.4,3.7,134.8,7.7,9.6,92,9.4,0.0,1.07
8,2,jul,sun,73.2,47.3,236.1,9.4,17.6,67,0.6,0.0,0.0
1,7,nov,mon,61.3,5.8,66.7,8.0,3.7,73,2.4,0.0,0.81
9,2,aug,mon,80.3,58.3,203.0,9.0,16.7,54,3.8,0.0,8.06
9,6,jan,mon,74.6,22.1,142.8,9.6,8.1,61,4.6,0.0,41.8
5,1,nov,mon,66.8,1.1,35.4,8.0,2.2,83,1.7,0.0,0.0
4,3,mar,sun,66.6,112.4,257.5,14.3,12.4,75,1.0,0.0,0.12
6,2,jul,sun,73.5,106.1,148.8,8.5,13.8,61,0.5,0.0,5.31
7,7,dec,tue,67.2,1.1,108.5,7.8,2.2,88,2.6,0.0,0.0
5,4,dec,sat,58.2,5.0,115.3,7.5,2.2,68,1.9,0.0,0.85
9,8,aug,fri,83.5,70.1,221.9,10.4,19.2,46,7.8,0.0,0.0
3,6,sep,wed,55.5,2.2,53.0,7.9,6.3,90,0.6,0.0,0.0
7,4,aug,sun,75.7,69.3,176.9,8.8,17.4,65,3.3,1.3,27.38
5,5,jun,wed,80.2,75.1,189.3,9.1,19.8,70,0.5,0.0,0.0
7,9,jul,sat,71.1,92.3,248.8,10.6,14.1,54,0.9,0.0,0.0
2,7,sep,sat,68.7,63.1,278.0,9.1,10.5,58,1.9,0.0,2.93
4,9,sep,wed,75.1,59.8,196.4,9.4,15.1,58,1.9,0.0,5.67
2,7,oct,sun,73.5,23.9,51.1,8.3,2.2,69,3.3,0.0,0.0
7,1,oct,wed,62.8,3.1,69.4,7.1,4.7,81,6.4,0.0,4.47
2,8,mar,tue,63.2,36.1,89.2,7.1,7.0,64,2.9,0.0,33.91
1,4,aug,thu,69.6,55.4,130.3,8.1,13.6,51,8.1,0.0,179.03
9,3,feb,sun,59.9,17.2,122.0,8.2,9.3,70,5.7,0.0,0.58
1,7,aug,sun,76.6,45.9,147.0,13.1,14.2,50,2.6,0.0,0.81
8,3,aug,fri,73.2,69.0,182.7,9.2,19.2,38,4.9,0.0,0.0
2,8,oct,mon,66.0,86.9,76.3,8.0,8.3,71,3.0,0.0,0.0
8,6,jul,thu,79.2,60.1,148.6,9.3,17.6,41,0.6,0.0,7.99
3,5,mar,sat,64.7,17.2,76.3,7.9,8.5,77,3.8,0.0,1.03
6,4,mar,sun,71.8,27.3,98.5,8.1,7.3,57,0.6,0.0,0.0
3,8,sep,wed,63.6,50.3,144.4,12.4,7.2,48,2.7,0.0,24.06
7,8,sep,thu,74.0,25.5,163.7,10.4,11.1,63,3.4,0.0,32.12
9,1,mar,fri,69.8,107.7,95.9,17.0,9.9,69,0.6,0.0,0.0
2,9,mar,sat,66.1,67.1,120.9,11.4,8.1,75,1.1,0.0,0.0
5,5,sep,mon,65.8,24.4,93.6,8.4,5.4,75,6.6,0.0,0.0
6,4,mar,mon,63.0,56.1,114.9,8.6,10.3,57,2.8,0.0,1.68
4,6,oct,fri,64.1,1.1,36.6,7.2,3.6,82,1.1,0.0,0.0
4,6,sep,fri,66.2,21.7,132.0,8.3,9.4,78,3.3,0.0,0.0
4,2,mar,wed,63.8,73.4,216.3,12.0,10.9,54,2.7,0.0,1.13
2,8,mar,sun,60.4,1.1,63.1,6.6,2.5,75,2.1,0.0,2.73
4,7,dec,mon,63.1,1.1,51.1,10.8,2.2,74,9.4,0.0,0.0
1,1,jul,sat,74.6,97.6,394.8,9.3,25.5,51,3.3,0.0,0.0
6,5,jul,thu,60.8,51.8,160.9,11.5,17.1,57,1.6,0.0,5.4
1,6,oct,sat,68.9,70.1,60.3,13.0,2.2,76,4.4,0.0,7.9
6,4,dec,tue,62.1,1.1,222.6,8.8,2.2,83,5.8,0.0,0.08
1,2,dec,tue,56.5,60.8,248.2,8.7,7.5,59,0.7,0.0,0.79
6,4,sep,fri,76.9,26.4,121.9,9.4,7.9,77,1.0,0.0,0.0
8,1,jul,wed,80.9,96.0,213.9,12.4,22.1,64,1.0,0.0,0.0
2,7,mar,tue,65.1,20.8,93.4,13.4,10.4,83,3.3,0.0,0.0
2,2,sep,mon,65.3,43.3,102.9,10.6,8.5,48,2.7,0.0,0.0
4,2,aug,sat,75.0,101.8,214.8,10.3,17.3,57,2.8,0.0,2.17
3,9,aug,sat,69.9,37.4,99.6,9.9,7.8,50,7.5,0.0,0.0
4,5,nov,fri,68.5,13.5,117.7,11.6,2.2,53,4.1,0.0,0.0
7,2,mar,sun,63.0,33.1,353.8,8.4,8.5,71,0.7,1.5,1.07
1,9,aug,sun,74.8,59.8,398.3,11.5,11.0,62,1.5,0.0,0.0
6,9,jan,thu,60.7,4.2,58.4,7.9,2.2,80,1.8,0.0,0.0
3,1,aug,fri,75.9,125.0,222.7,8.5,17.6,63,1.7,0.0,0.0
7,3,feb,thu,60.1,3.7,105.2,7.3,5.4,86,3.2,5.2,0.03
2,4,mar,sun,83.9,49.8,315.5,10.3,14.0,63,6.0,0.0,0.15
2,7,mar,fri,69.2,46.2,88.6,7.3,10.6,96,1.3,0.9,0.0
4,4,sep,fri,84.2,60.5,98.3,9.3,13.0,67,2.4,0.0,0.43
1,2,sep,fri,70.4,66.2,80.8,8.9,9.8,86,4.3,0.0,3.64
3,7,aug,sun,69.8,212.1,169.2,8.4,13.2,40,1.7,0.0,2.04
9,6,dec,thu,67.6,6.0,72.1,7.7,4.4,88,0.9,0.0,1.44
7,3,jul,thu,77.0,44.1,281.4,11.3,16.5,58,2.0,0.0,18.8
7,6,jun,fri,78.9,66.5,284.3,15.9,21.0,35,0.5,0.0,18.78
4,6,oct,tue,69.3,43.4,97.1,10.0,7.3,75,7.5,0.0,0.0
2,5,may,wed,79.3,120.2,216.1,18.7,21.2,51,0.6,0.0,0.0
4,4,dec,sun,57.8,1.1,38.0,8.5,2.2,83,1.8,0.0,0.0
6,1,jan,wed,58.5,1.1,266.9,6.9,4.5,84,2.3,0.0,5.87
3,6,dec,wed,60.9,1.1,323.0,9.1,2.2,62,9.4,0.0,5.56
1,2,feb,thu,66.3,53.7,446.4,9.4,7.4,81,0.9,0.0,0.96
8,3,oct,thu,65.0,15.0,263.9,8.0,6.6,72,0.7,0.0,0.0
5,8,aug,tue,66.7,51.8,134.4,7.3,17.5,72,0.4,0.0,1.19
5,6,dec,wed,67.5,10.1,40.7,9.7,2.2,75,0.8,0.0,0.21
4,3,mar,wed,71.2,79.7,184.5,7.9,11.8,61,1.0,0.0,2.85
6,7,aug,fri,74.2,77.3,377.0,10.3,18.3,58,2.9,0.4,18.44
3,4,dec,thu,62.0,16.2,52.5,7.0,2.2,78,1.0,0.0,51.31
9,9,aug,wed,68.6,34.4,105.4,9.4,12.5,58,0.5,0.0,2.88
5,5,sep,sat,66.3,50.4,268.5,8.9,12.8,59,4.8,0.0,10.86
3,3,sep,tue,74.3,61.2,104.7,8.4,10.3,55,1.5,0.0,0.03
1,2,aug,sat,65.2,127.1,140.3,8.2,10.0,63,1.5,0.0,0.0
6,2,sep,sat,67.0,10.2,173.2,9.0,7.3,77,1.3,0.0,0.0
2,3,aug,sun,78.8,29.6,132.1,12.4,13.4,62,9.4,0.0,2.06
3,2,nov,sun,63.0,1.1,55.1,11.0,5.9,83,0.9,0.0,0.0
1,4,feb,tue,72.6,27.6,224.9,9.2,9.0,67,6.1,0.0,1.97
9,2,jun,sat,81.2,125.5,283.4,12.0,24.0,36,4.1,0.0,0.0
8,9,dec,wed,64.4,1.1,474.5,7.5,2.2,83,0.6,0.0,65.63
2,2,oct,thu,69.7,30.0,117.9,8.5,7.7,63,9.4,0.0,0.0
8,9,aug,tue,69.0,35.2,101.3,8.1,11.6,63,1.2,0.0,0.0
9,6,sep,fri,67.2,11.7,202.7,8.8,10.0,80,0.7,0.0,9.09
1,1,jun,sat,73.7,81.0,238.5,9.3,21.4,42,4.8,0.0,0.0
5,4,apr,tue,69.4,30.6,115.9,7.8,11.8,67,3.5,1.8,0.0
8,1,aug,mon,68.9,49.9,270.4,10.0,15.6,60,2.8,0.0,0.0
2,6,jul,mon,81.1,98.8,183.4,11.4,23.7,58,0.8,0.0,10.91
4,4,aug,sun,63.0,58.1,145.6,7.8,16.7,68,2.0,0.0,0.0
7,3,mar,thu,72.1,28.8,106.5,8.0,12.8,67,4.2,0.0,9.94
3,3,dec,wed,65.5,87.7,89.0,8.2,2.2,73,1.3,0.0,4.86
5,9,dec,thu,65.7,24.8,98.7,8.2,4.7,79,1.3,0.0,70.69
8,6,sep,thu,71.6,50.9,137.5,9.7,9.4,82,0.4,0.0,0.07
3,9,aug,thu,68.5,28.6,222.9,8.3,12.7,64,0.9,0.0,5.83
4,5,jul,thu,74.8,48.4,372.2,10.7,18.1,55,5.6,1.0,0.0
9,2,oct,fri,54.4,1.1,44.8,9.9,2.2,81,1.9,0.9,34.25
7,8,sep,fri,68.1,33.7,107.3,8.1,13.1,64,9.4,0.0,0.0
1,5,apr,sun,76.4,53.5,122.8,16.4,14.0,49,1.7,0.0,0.15
4,2,nov,tue,56.5,69.5,47.5,7.0,2.2,79,3.5,0.3,0.0
4,4,oct,mon,66.9,21.3,168.8,8.1,4.5,61,1.2,0.0,20.25
9,9,dec,thu,60.4,1.1,167.8,7.6,3.4,79,1.5,0.0,0.0
6,4,sep,sun,68.7,46.4,247.4,7.9,10.4,59,0.9,0.0,0.0
9,4,sep,tue,62.5,4.4,83.8,7.1,5.8,73,1.5,0.0,1.14
6,2,aug,mon,65.6,65.4,154.5,8.4,16.4,64,2.4,0.0,5.46
6,6,nov,sat,63.0,1.8,77.0,9.2,2.2,100,9.4,0.0,0.0
5,2,oct,wed,62.5,31.7,33.5,11.2,2.2,84,3.1,0.0,1.1
5,7,feb,fri,69.6,137.0,159.9,9.5,9.5,82,1.0,0.0,25.19
2,3,feb,sat,68.1,2.3,452.7,7.2,6.4,91,0.5,0.0,2.67
8,3,jul,mon,79.1,65.7,174.9,10.9,18.4,62,0.7,0.0,20.54
